region: seon
start_date: 2026-01-01
end_date: 2026-12-31
status: done

collections:
  cardboard: 
    - schedule:
      - 2026-01-09
      - 2026-03-06
      - 2026-05-08
      - 2026-07-03
      - 2026-09-04
      - 2026-11-06
  chipping_service: 
    - schedule:
      - 2026-03-18
      - 2026-10-14
  organic:
    - schedule:
      - weekly every Monday from March to December
      - every 2 weeks on Monday from January to February, starting Jan 5
      - every 2 weeks on Monday in December, starting Dec 14
      - 2026-04-08 # Ersatzdatum für Ostern
      - 2026-06-27 # Ersatzdatum für Pfingstmontag
  paper:
    - schedule:
      - 2026-01-16
      - 2026-02-13
      - 2026-03-14
      - 2026-04-24
      - 2026-05-24
      - 2026-06-26
      - 2026-07-24
      - 2026-08-21
      - 2026-09-18
      - 2026-10-23
      - 2026-11-20
      - 2026-12-18
  waste:
    - schedule:
      - weekly every Thursday starting jan 8th
      - 2026-05-13 # Ersatzdatum für Auffahrt

exclude:
  # 2026
  - 2026-01-01 # Neujahr, Donnerstag
  - 2026-01-02 # Berchtoldstag, Freitag
  - 2026-04-03 # Karfreitag, Freitag
  - 2026-04-06 # Ostermontag, Montag
  - 2026-05-01 # 1. Mai, Freitag
  - 2026-05-14 # Auffahrt, Donnerstag
  - 2026-05-25 # Pfingstmontag, Montag
  - 2026-08-01 # 1. August, Samstag
  - 2026-12-25 # Weihnachten, Freitag
  - 2026-12-26 # Stephanstag, Samstag